{
	"name": "Meat Drill",
	"description": "the meat of today helps to get resources",
	"type": "Drill",
	"size": 2,
	"tier": 3,
	"health" : 1000,
	"drillTime": 60,
	"requirements": [
		{ "item": "lead", "amount": 200 },
		{ "item": "graphite", "amount": 40 },
	    { "item": "thorium", "amount": 10 },
	    { "item": "meat", "amount": 120 },

	],
	"consumes": {
		"power": 2.0,
		"liquid": {
			"liquid": "water", 
			"amount": 0.1,
			"booster": true
		}
	},
	"category": "production",
	"research": "laser-drill"
}
