{
	"type": "burstTurret",
	"name": "Meat Turret",
	"description": "shooting a bullet covered in stinking flesh is the best solution these days",
	"targetAir": false,
	"targetGround": true,
	"health": 1200,
	"size": 1,
	"reload": 2,
	"range": 200,
	"ammoUseEffect": "shellEjectSmall",
	"inaccuracy": 1,
	"rotatespeed": 60,
	"burstSpacing": 6,
	"ammo": {
		"meat": {
			"speed": 4.0,
			"damage": 45,
			"bulletWidth": 3,
			"bulletHeight": 2,
			"shootEffect": "shootSmall",
			"smokeEffect": "shootSmallSmoke",
			"ammoMultiplier": 3,
			}
	},
	"requirements": [
		{ "item": "thorium", "amount": 50 }
		{ "item": "lead", "amount": 100 }
	],
	"category": "turret",
	"research": "duo",
}

